{"cameraMode":{"drawMode":0,"name":"Shaded","section":"Shading Mode"},"sceneLighting":true,"audioPlay":false,"sceneViewState":{"showFog":true,"showMaterialUpdate":false,"showSkybox":true,"showFlares":true,"showImageEffects":true,"showParticleSystems":true},"in2DMode":false,"pivot":{"x":3.5,"y":1.0390000343322755,"z":-14.140000343322754},"rotation":{"x":0.10419163107872009,"y":-0.8700653910636902,"z":0.20877423882484437,"w":0.4342179000377655},"size":8.987131118774414,"orthographic":false}