{"cameraMode":{"drawMode":0,"name":"Shaded","section":"Shading Mode"},"sceneLighting":true,"audioPlay":false,"sceneViewState":{"showFog":true,"showMaterialUpdate":false,"showSkybox":true,"showFlares":true,"showImageEffects":true,"showParticleSystems":true},"in2DMode":false,"pivot":{"x":-0.019999980926513673,"y":5.17892599105835,"z":13.670000076293946},"rotation":{"x":0.06476668268442154,"y":-0.7676220536231995,"z":0.07857034355401993,"w":0.6327695250511169},"size":2.8578836917877199,"orthographic":false}