{"cameraMode":{"drawMode":0,"name":"Shaded","section":"Shading Mode"},"sceneLighting":true,"audioPlay":false,"sceneViewState":{"showFog":false,"showMaterialUpdate":false,"showSkybox":false,"showFlares":false,"showImageEffects":false,"showParticleSystems":false},"in2DMode":false,"pivot":{"x":-4.345733642578125,"y":1.460269570350647,"z":4.42437219619751},"rotation":{"x":-0.009847813285887242,"y":0.9798902869224548,"z":-0.050019770860672,"w":-0.1929149329662323},"size":4.112761497497559,"orthographic":false}