{"cameraMode":{"drawMode":0,"name":"Shaded","section":"Shading Mode"},"sceneLighting":false,"audioPlay":false,"sceneViewState":{"showFog":false,"showMaterialUpdate":false,"showSkybox":false,"showFlares":false,"showImageEffects":false,"showParticleSystems":false},"in2DMode":false,"pivot":{"x":0.022552490234375,"y":-0.25777432322502139,"z":1.455698013305664},"rotation":{"x":-0.005337695125490427,"y":-0.9889650940895081,"z":0.1434037685394287,"w":-0.03680991753935814},"size":8.47487735748291,"orthographic":false}