{"cameraMode":{"drawMode":0,"name":"Shaded","section":"Shading Mode"},"sceneLighting":false,"audioPlay":false,"sceneViewState":{"showFog":false,"showMaterialUpdate":false,"showSkybox":false,"showFlares":false,"showImageEffects":false,"showParticleSystems":false},"in2DMode":false,"pivot":{"x":0.0031647980213165285,"y":0.7425131797790527,"z":-0.02228386700153351},"rotation":{"x":0.000009021086043503601,"y":0.9995406270027161,"z":-0.03030567616224289,"w":0.0003011452208738774},"size":3.3955445289611818,"orthographic":false}